SourceZone,SinkZone
464,464
464,465
464,515
464,522
464,561
465,464
465,465
465,511
465,512
465,515
515,464
515,465
515,515
515,521
515,522
515,561
521,515
521,521
521,522
521,526
521,537
522,464
522,515
522,521
522,522
522,525
522,526
522,561
522,562
525,521
525,522
525,525
525,526
525,562
526,521
526,522
526,525
526,526
526,537
537,521
537,526
537,537
537,616
561,464
561,515
561,522
561,562
562,522
562,525
562,561
562,562
616,537
616,616
A2_3overlap,A2_3overlap
A2_3overlap,MA_Fed_A2
A2_3overlap,537
A2_3overlap,RI_Fed_A2
MA_Fed_A1,MA_Fed_A1
MA_Fed_A1,ME_Fed_ZG
MA_Fed_A2,MA_Fed_A2
MA_Fed_A2,A2_3overlap
MA_Fed_A2,RI_Fed_A2
MA_Fed_OCC,MA_Fed_OCC
MA_ST_A1,MA_ST_A1
MA_ST_A2,MA_ST_A2
MA_ST_OCC,MA_ST_OCC
ME_Fed_ZA,ME_Fed_ZA
ME_Fed_ZA,ME_Fed_ZB
ME_Fed_ZB,ME_Fed_ZA
ME_Fed_ZB,ME_Fed_ZB
ME_Fed_ZB,ME_Fed_ZC
ME_Fed_ZC,ME_Fed_ZB
ME_Fed_ZC,ME_Fed_ZC
ME_Fed_ZC,ME_Fed_ZD
ME_Fed_ZD,ME_Fed_ZC
ME_Fed_ZD,ME_Fed_ZD
ME_Fed_ZD,ME_Fed_ZE
ME_Fed_ZE,ME_Fed_ZD
ME_Fed_ZE,ME_Fed_ZE
ME_Fed_ZE,ME_Fed_ZF
ME_Fed_ZF,ME_Fed_ZE
ME_Fed_ZF,ME_Fed_ZF
ME_Fed_ZF,ME_Fed_ZG
ME_Fed_ZG,ME_Fed_ZF
ME_Fed_ZG,ME_Fed_ZG
ME_Fed_ZG,MA_Fed_A2
ME_ST_ZA,ME_ST_ZA
ME_ST_ZA,ME_ST_ZB
ME_ST_ZB,ME_ST_ZA
ME_ST_ZB,ME_ST_ZB
ME_ST_ZB,ME_ST_ZC
ME_ST_ZC,ME_ST_ZB
ME_ST_ZC,ME_ST_ZC
ME_ST_ZC,ME_ST_ZD
ME_ST_ZD,ME_ST_ZC
ME_ST_ZD,ME_ST_ZD
ME_ST_ZD,ME_ST_ZE
ME_ST_ZE,ME_ST_ZD
ME_ST_ZE,ME_ST_ZE
ME_ST_ZE,ME_ST_ZF
ME_ST_ZF,ME_ST_ZE
ME_ST_ZF,ME_ST_ZF
ME_ST_ZF,ME_ST_ZG
ME_ST_ZG,ME_ST_ZF
ME_ST_ZG,ME_ST_ZG
NH_ST,NH_ST
RI_Fed_A2,RI_Fed_A2
RI_Fed_A2,MA_Fed_A2
RI_Fed_A2,A2_3overlap
RI_Fed_A4,RI_Fed_A4
RI_ST_A2,RI_ST_A2
